"Python",30
"Python3",6
"Heroku",1
"Flask",1
"Bootstrap",1
"Vue.js",1
"leetcode",1
"Jupyter",1
"VSCode",1
"機械学習",1
"言語処理100本ノック",2
"新人プログラマ応援",1
"scipy",1
"sparse",1
"colaboratory",1
"OpenCV",1
"dictionary",1
"python3.6",1
"スクレイピング",2
"AWS",1
"CloudWatch",1
"lambda",1
"Java",2
"JavaScript",2
"Android",2
"Kotlin",2
"初心者",1
"Linux",2
"virtualenv",1
"pyenv",1
"自然言語処理",2
"Beginner",1
"VisualStudio",1
"matplotlib",1
"Windows10",1
"RaspberryPi",2
"QEMU",1
"仮想環境",1
"TensorFlow",1
"unittest",1
"Mock",1
"SEO",1
"量子コンピュータ",1
"論理回路",1
"量子ゲート",1
"量子回路",1
"linuxCommand",1
"Ambient",1
"EffectivePython",1
"pyautogui",1
"NLP",1
